province,max,min,wind,wind_d,rain,humidi,cloud,pressure,date,mean_velocity,median_velocity,std_velocity,long,lat,street_level,e_node_id,length,street_type
Bac Lieu,30,21,13,E,0.4,78,56,1009,2021-01-04,17.157894736842106,15.0,15.22128673893248,106.6688585,10.7414307,2,4200187547,43.73684210526316,primary
Bac Lieu,29,22,11,E,0.0,77,25,1010,2021-01-15,25.104347826086958,22.0,20.714167502377503,106.7921493,10.8664739,4,5778117820,53.30434782608695,tertiary
Bac Lieu,29,23,9,ESE,16.0,81,70,1010,2021-01-23,8.272727272727273,1.0,8.77600033148255,106.6601997,10.7733429,4,4774007052,11.454545454545455,tertiary
Bac Lieu,35,27,12,S,0.0,60,8,1005,2021-03-31,22.32967032967033,21.0,19.805192890897718,106.7921493,10.8664739,4,5778117820,40.89010989010989,tertiary
Bac Lieu,33,27,11,SSE,0.9,66,49,1010,2021-04-14,29.486486486486488,31.0,15.413957638779541,106.7921493,10.8664739,4,5778117820,64.94594594594595,tertiary
Bac Lieu,33,28,12,SW,2.3,66,50,1008,2021-04-22,1.25,1.0,0.5,106.6966242,10.7712056,4,4608690975,38.0,tertiary
Bac Lieu,31,26,16,SW,7.2,80,57,1006,2020-08-03,19.96718651044965,20.0,11.491157496711356,106.6562138,10.7706814,4,5044255782,34.74703134895503,tertiary
Bac Lieu,32,27,10,SW,0.9,77,40,1008,2020-09-11,19.55,8.0,19.782848912912186,106.8248737,10.7170573,3,1612118717,85.21,secondary
Bac Lieu,30,22,7,SW,0.0,78,24,1011,2020-12-06,44.54545454545455,47.0,10.985113894390322,106.7778783,10.8757747,4,5762723856,56.54545454545455,tertiary
Bac Lieu,28,23,23,ENE,4.7,83,73,1010,2020-12-01,47.707692307692305,49.0,5.962704600585722,106.600179,10.8654501,1,1409379568,51.93846153846154,trunk
Bac Lieu,27,21,19,E,8.0,90,80,1008,2020-12-24,19.950819672131146,9.0,24.22955937014749,106.6786972,10.8050949,2,5755399611,81.66666666666667,primary
Ho Chi Minh City,32,24,8,ESE,0.0,68,43,1010,2021-01-04,17.157894736842106,15.0,15.22128673893248,106.6688585,10.7414307,2,4200187547,43.73684210526316,primary
Ho Chi Minh City,32,23,8,SSE,0.0,67,8,1010,2021-01-15,25.104347826086958,22.0,20.714167502377503,106.7921493,10.8664739,4,5778117820,53.30434782608695,tertiary
Ho Chi Minh City,25,18,5,SE,31.5,90,84,1010,2021-01-23,8.272727272727273,1.0,8.77600033148255,106.6601997,10.7733429,4,4774007052,11.454545454545455,tertiary
Ho Chi Minh City,34,27,12,SSE,8.0,65,62,1010,2021-04-14,29.486486486486488,31.0,15.413957638779541,106.7921493,10.8664739,4,5778117820,64.94594594594595,tertiary
Ho Chi Minh City,34,28,8,S,12.3,65,73,1008,2021-04-22,1.25,1.0,0.5,106.6966242,10.7712056,4,4608690975,38.0,tertiary
Ho Chi Minh City,37,27,13,SSE,0.0,56,10,1005,2021-03-31,22.32967032967033,21.0,19.805192890897718,106.7921493,10.8664739,4,5778117820,40.89010989010989,tertiary
Ho Chi Minh City,29,26,14,SW,20.0,83,77,1006,2020-08-03,19.96718651044965,20.0,11.491157496711356,106.6562138,10.7706814,4,5044255782,34.74703134895503,tertiary
Ho Chi Minh City,33,27,10,S,11.3,75,56,1007,2020-09-11,19.55,8.0,19.782848912912186,106.8248737,10.7170573,3,1612118717,85.21,secondary
Ho Chi Minh City,33,23,6,S,0.0,70,12,1011,2020-12-06,44.54545454545455,47.0,10.985113894390322,106.7778783,10.8757747,4,5762723856,56.54545454545455,tertiary
Ho Chi Minh City,30,24,5,SSE,6.5,80,62,1011,2020-12-01,47.707692307692305,49.0,5.962704600585722,106.600179,10.8654501,1,1409379568,51.93846153846154,trunk
Ho Chi Minh City,31,24,10,SE,2.4,75,61,1008,2020-12-24,19.950819672131146,9.0,24.22955937014749,106.6786972,10.8050949,2,5755399611,81.66666666666667,primary
Tam Ky,21,15,12,SW,56.1,95,100,1016,2021-01-04,17.157894736842106,15.0,15.22128673893248,106.6688585,10.7414307,2,4200187547,43.73684210526316,primary
Tam Ky,22,16,8,S,0.0,81,38,1014,2021-01-15,25.104347826086958,22.0,20.714167502377503,106.7921493,10.8664739,4,5778117820,53.30434782608695,tertiary
Tam Ky,24,20,8,SSW,1.6,89,78,1013,2021-01-23,8.272727272727273,1.0,8.77600033148255,106.6601997,10.7733429,4,4774007052,11.454545454545455,tertiary
Tam Ky,32,24,12,SE,0.1,71,25,1003,2021-03-31,22.32967032967033,21.0,19.805192890897718,106.7921493,10.8664739,4,5778117820,40.89010989010989,tertiary
Tam Ky,29,22,11,SE,0.0,79,9,1011,2021-04-14,29.486486486486488,31.0,15.413957638779541,106.7921493,10.8664739,4,5778117820,64.94594594594595,tertiary
Tam Ky,30,24,12,SE,1.6,82,36,1008,2021-04-22,1.25,1.0,0.5,106.6966242,10.7712056,4,4608690975,38.0,tertiary
Tam Ky,33,27,6,SSW,0.2,71,56,1003,2020-08-03,19.96718651044965,20.0,11.491157496711356,106.6562138,10.7706814,4,5044255782,34.74703134895503,tertiary
Tam Ky,32,25,10,SE,3.6,78,46,1007,2020-09-11,19.55,8.0,19.782848912912186,106.8248737,10.7170573,3,1612118717,85.21,secondary
Tam Ky,24,18,20,ENE,70.9,90,100,1016,2020-12-01,47.707692307692305,49.0,5.962704600585722,106.600179,10.8654501,1,1409379568,51.93846153846154,trunk
Tam Ky,21,20,11,NW,23.8,91,98,1017,2020-12-06,44.54545454545455,47.0,10.985113894390322,106.7778783,10.8757747,4,5762723856,56.54545454545455,tertiary
Tam Ky,22,14,10,SW,37.0,95,100,1013,2020-12-24,19.950819672131146,9.0,24.22955937014749,106.6786972,10.8050949,2,5755399611,81.66666666666667,primary
Ben Tre,32,21,7,SSW,0.1,76,41,1010,2021-01-04,17.157894736842106,15.0,15.22128673893248,106.6688585,10.7414307,2,4200187547,43.73684210526316,primary
Ben Tre,25,23,5,ESE,3.0,92,67,1010,2021-01-23,8.272727272727273,1.0,8.77600033148255,106.6601997,10.7733429,4,4774007052,11.454545454545455,tertiary
Ben Tre,31,21,6,ESE,0.0,74,15,1010,2021-01-15,25.104347826086958,22.0,20.714167502377503,106.7921493,10.8664739,4,5778117820,53.30434782608695,tertiary
Ben Tre,39,26,9,SSE,0.0,59,13,1005,2021-03-31,22.32967032967033,21.0,19.805192890897718,106.7921493,10.8664739,4,5778117820,40.89010989010989,tertiary
Ben Tre,33,26,7,SSE,7.6,76,75,1010,2021-04-14,29.486486486486488,31.0,15.413957638779541,106.7921493,10.8664739,4,5778117820,64.94594594594595,tertiary
Ben Tre,35,27,6,SSW,0.9,69,58,1008,2021-04-22,1.25,1.0,0.5,106.6966242,10.7712056,4,4608690975,38.0,tertiary
Ben Tre,29,25,11,SW,5.1,88,71,1006,2020-08-03,19.96718651044965,20.0,11.491157496711356,106.6562138,10.7706814,4,5044255782,34.74703134895503,tertiary
Ben Tre,32,26,6,SSW,7.5,82,49,1007,2020-09-11,19.55,8.0,19.782848912912186,106.8248737,10.7170573,3,1612118717,85.21,secondary
Ben Tre,29,24,8,ENE,4.2,85,63,1011,2020-12-01,47.707692307692305,49.0,5.962704600585722,106.600179,10.8654501,1,1409379568,51.93846153846154,trunk
Ben Tre,32,22,5,WSW,0.0,77,20,1011,2020-12-06,44.54545454545455,47.0,10.985113894390322,106.7778783,10.8757747,4,5762723856,56.54545454545455,tertiary
Hoa Binh,23,16,4,S,0.0,59,47,1020,2021-01-04,17.157894736842106,15.0,15.22128673893248,106.6688585,10.7414307,2,4200187547,43.73684210526316,primary
Ben Tre,29,23,11,E,7.8,85,75,1008,2020-12-24,19.950819672131146,9.0,24.22955937014749,106.6786972,10.8050949,2,5755399611,81.66666666666667,primary
Hoa Binh,24,12,5,SSE,0.0,67,12,1015,2021-01-15,25.104347826086958,22.0,20.714167502377503,106.7921493,10.8664739,4,5778117820,53.30434782608695,tertiary
Hoa Binh,27,17,6,S,0.0,70,41,1014,2021-01-23,8.272727272727273,1.0,8.77600033148255,106.6601997,10.7733429,4,4774007052,11.454545454545455,tertiary
Hoa Binh,35,26,7,SE,0.0,65,36,1000,2021-03-31,22.32967032967033,21.0,19.805192890897718,106.7921493,10.8664739,4,5778117820,40.89010989010989,tertiary
Hoa Binh,29,23,6,SSE,1.6,81,73,1011,2021-04-14,29.486486486486488,31.0,15.413957638779541,106.7921493,10.8664739,4,5778117820,64.94594594594595,tertiary
Hoa Binh,32,25,7,SSE,2.1,81,64,1007,2021-04-22,1.25,1.0,0.5,106.6966242,10.7712056,4,4608690975,38.0,tertiary
Hoa Binh,30,23,3,SSW,26.3,91,72,999,2020-08-03,19.96718651044965,20.0,11.491157496711356,106.6562138,10.7706814,4,5044255782,34.74703134895503,tertiary
Hoa Binh,34,26,5,S,8.4,85,58,1006,2020-09-11,19.55,8.0,19.782848912912186,106.8248737,10.7170573,3,1612118717,85.21,secondary
Hoa Binh,21,15,3,SE,0.0,64,54,1022,2020-12-01,47.707692307692305,49.0,5.962704600585722,106.600179,10.8654501,1,1409379568,51.93846153846154,trunk
Hoa Binh,22,14,4,S,0.0,69,10,1020,2020-12-06,44.54545454545455,47.0,10.985113894390322,106.7778783,10.8757747,4,5762723856,56.54545454545455,tertiary
Hoa Binh,20,14,4,SW,0.0,65,46,1017,2020-12-24,19.950819672131146,9.0,24.22955937014749,106.6786972,10.8050949,2,5755399611,81.66666666666667,primary
Tan An,32,23,8,SW,0.3,73,44,1010,2021-01-04,17.157894736842106,15.0,15.22128673893248,106.6688585,10.7414307,2,4200187547,43.73684210526316,primary
Tan An,30,22,8,SSE,0.0,73,11,1010,2021-01-15,25.104347826086958,22.0,20.714167502377503,106.7921493,10.8664739,4,5778117820,53.30434782608695,tertiary
Tan An,24,23,4,SE,21.4,92,73,1010,2021-01-23,8.272727272727273,1.0,8.77600033148255,106.6601997,10.7733429,4,4774007052,11.454545454545455,tertiary
Tan An,37,26,12,SSE,0.0,58,10,1005,2021-03-31,22.32967032967033,21.0,19.805192890897718,106.7921493,10.8664739,4,5778117820,40.89010989010989,tertiary
Tan An,33,27,11,SSE,11.7,68,62,1010,2021-04-14,29.486486486486488,31.0,15.413957638779541,106.7921493,10.8664739,4,5778117820,64.94594594594595,tertiary
Tan An,34,28,8,SSW,5.9,66,71,1008,2021-04-22,1.25,1.0,0.5,106.6966242,10.7712056,4,4608690975,38.0,tertiary
Tan An,29,25,13,SW,8.5,86,69,1006,2020-08-03,19.96718651044965,20.0,11.491157496711356,106.6562138,10.7706814,4,5044255782,34.74703134895503,tertiary
Tan An,32,26,9,SSW,8.6,79,52,1007,2020-09-11,19.55,8.0,19.782848912912186,106.8248737,10.7170573,3,1612118717,85.21,secondary
Tan An,29,24,6,ESE,7.1,84,69,1011,2020-12-01,47.707692307692305,49.0,5.962704600585722,106.600179,10.8654501,1,1409379568,51.93846153846154,trunk
Tan An,33,23,6,SSW,0.0,76,14,1011,2020-12-06,44.54545454545455,47.0,10.985113894390322,106.7778783,10.8757747,4,5762723856,56.54545454545455,tertiary
Tan An,31,23,12,ENE,1.5,79,55,1008,2020-12-24,19.950819672131146,9.0,24.22955937014749,106.6786972,10.8050949,2,5755399611,81.66666666666667,primary
Bien Hoa,32,24,9,ESE,0.0,68,43,1010,2021-01-04,17.157894736842106,15.0,15.22128673893248,106.6688585,10.7414307,2,4200187547,43.73684210526316,primary
Bien Hoa,32,23,8,SSE,0.0,67,8,1010,2021-01-15,25.104347826086958,22.0,20.714167502377503,106.7921493,10.8664739,4,5778117820,53.30434782608695,tertiary
Bien Hoa,25,18,5,SE,31.5,90,84,1010,2021-01-23,8.272727272727273,1.0,8.77600033148255,106.6601997,10.7733429,4,4774007052,11.454545454545455,tertiary
Bien Hoa,37,27,13,SSE,0.0,56,10,1005,2021-03-31,22.32967032967033,21.0,19.805192890897718,106.7921493,10.8664739,4,5778117820,40.89010989010989,tertiary
Bien Hoa,34,27,12,SSE,8.0,65,62,1010,2021-04-14,29.486486486486488,31.0,15.413957638779541,106.7921493,10.8664739,4,5778117820,64.94594594594595,tertiary
Bien Hoa,34,28,8,S,12.3,65,73,1008,2021-04-22,1.25,1.0,0.5,106.6966242,10.7712056,4,4608690975,38.0,tertiary
Bien Hoa,29,26,14,SW,20.0,83,77,1006,2020-08-03,19.96718651044965,20.0,11.491157496711356,106.6562138,10.7706814,4,5044255782,34.74703134895503,tertiary
Bien Hoa,33,27,10,S,11.3,75,56,1007,2020-09-11,19.55,8.0,19.782848912912186,106.8248737,10.7170573,3,1612118717,85.21,secondary
Bien Hoa,30,24,5,SSE,6.5,80,62,1011,2020-12-01,47.707692307692305,49.0,5.962704600585722,106.600179,10.8654501,1,1409379568,51.93846153846154,trunk
Bien Hoa,33,23,6,S,0.0,70,12,1011,2020-12-06,44.54545454545455,47.0,10.985113894390322,106.7778783,10.8757747,4,5762723856,56.54545454545455,tertiary
Bien Hoa,31,24,10,SE,2.4,75,61,1008,2020-12-24,19.950819672131146,9.0,24.22955937014749,106.6786972,10.8050949,2,5755399611,81.66666666666667,primary
Hong Gai,19,16,11,ENE,0.0,51,86,1020,2021-01-04,17.157894736842106,15.0,15.22128673893248,106.6688585,10.7414307,2,4200187547,43.73684210526316,primary
Hong Gai,20,14,8,E,0.0,77,14,1015,2021-01-15,25.104347826086958,22.0,20.714167502377503,106.7921493,10.8664739,4,5778117820,53.30434782608695,tertiary
Hong Gai,22,18,7,E,0.0,79,9,1014,2021-01-23,8.272727272727273,1.0,8.77600033148255,106.6601997,10.7733429,4,4774007052,11.454545454545455,tertiary
Hong Gai,25,20,13,ESE,0.0,86,48,1002,2021-03-31,22.32967032967033,21.0,19.805192890897718,106.7921493,10.8664739,4,5778117820,40.89010989010989,tertiary
Hong Gai,26,21,9,ESE,0.3,84,59,1011,2021-04-14,29.486486486486488,31.0,15.413957638779541,106.7921493,10.8664739,4,5778117820,64.94594594594595,tertiary
Hong Gai,26,20,11,SE,2.1,89,75,1008,2021-04-22,1.25,1.0,0.5,106.6966242,10.7712056,4,4608690975,38.0,tertiary
Hong Gai,31,24,16,S,22.6,79,72,999,2020-08-03,19.96718651044965,20.0,11.491157496711356,106.6562138,10.7706814,4,5044255782,34.74703134895503,tertiary
Hong Gai,30,26,19,SSE,22.8,84,70,1005,2020-09-11,19.55,8.0,19.782848912912186,106.8248737,10.7170573,3,1612118717,85.21,secondary
Hong Gai,21,18,16,ENE,0.0,61,62,1022,2020-12-01,47.707692307692305,49.0,5.962704600585722,106.600179,10.8654501,1,1409379568,51.93846153846154,trunk
Hong Gai,20,15,11,NE,0.0,64,12,1020,2020-12-06,44.54545454545455,47.0,10.985113894390322,106.7778783,10.8757747,4,5762723856,56.54545454545455,tertiary
Hong Gai,21,16,8,ESE,0.0,64,92,1017,2020-12-24,19.950819672131146,9.0,24.22955937014749,106.6786972,10.8050949,2,5755399611,81.66666666666667,primary
Thai Nguyen,21,13,5,S,0.0,55,29,1021,2021-01-04,17.157894736842106,15.0,15.22128673893248,106.6688585,10.7414307,2,4200187547,43.73684210526316,primary
Thai Nguyen,24,13,5,SSE,0.0,68,10,1015,2021-01-15,25.104347826086958,22.0,20.714167502377503,106.7921493,10.8664739,4,5778117820,53.30434782608695,tertiary
Thai Nguyen,26,17,6,ESE,0.0,64,28,1014,2021-01-23,8.272727272727273,1.0,8.77600033148255,106.6601997,10.7733429,4,4774007052,11.454545454545455,tertiary
Thai Nguyen,32,24,12,SE,0.0,74,45,1001,2021-03-31,22.32967032967033,21.0,19.805192890897718,106.7921493,10.8664739,4,5778117820,40.89010989010989,tertiary
Thai Nguyen,30,24,10,SE,4.0,86,88,1007,2021-04-22,1.25,1.0,0.5,106.6966242,10.7712056,4,4608690975,38.0,tertiary
Thai Nguyen,29,23,9,SE,3.2,81,83,1011,2021-04-14,29.486486486486488,31.0,15.413957638779541,106.7921493,10.8664739,4,5778117820,64.94594594594595,tertiary
Thai Nguyen,31,25,7,ENE,25.4,88,75,999,2020-08-03,19.96718651044965,20.0,11.491157496711356,106.6562138,10.7706814,4,5044255782,34.74703134895503,tertiary
Thai Nguyen,32,26,7,ESE,13.2,90,68,1005,2020-09-11,19.55,8.0,19.782848912912186,106.8248737,10.7170573,3,1612118717,85.21,secondary
Thai Nguyen,22,16,5,NE,0.0,57,40,1022,2020-12-01,47.707692307692305,49.0,5.962704600585722,106.600179,10.8654501,1,1409379568,51.93846153846154,trunk
Thai Nguyen,22,13,4,SSE,0.0,63,5,1021,2020-12-06,44.54545454545455,47.0,10.985113894390322,106.7778783,10.8757747,4,5762723856,56.54545454545455,tertiary
Thai Nguyen,23,16,5,SSW,0.0,54,47,1017,2020-12-24,19.950819672131146,9.0,24.22955937014749,106.6786972,10.8050949,2,5755399611,81.66666666666667,primary
Buon Me Thuot,26,20,13,ENE,0.5,78,81,1012,2021-01-04,17.157894736842106,15.0,15.22128673893248,106.6688585,10.7414307,2,4200187547,43.73684210526316,primary
Buon Me Thuot,27,15,10,E,0.0,73,3,1012,2021-01-15,25.104347826086958,22.0,20.714167502377503,106.7921493,10.8664739,4,5778117820,53.30434782608695,tertiary
Buon Me Thuot,27,19,10,E,0.0,74,35,1012,2021-01-23,8.272727272727273,1.0,8.77600033148255,106.6601997,10.7733429,4,4774007052,11.454545454545455,tertiary
Buon Me Thuot,38,24,4,S,0.0,49,14,1005,2021-03-31,22.32967032967033,21.0,19.805192890897718,106.7921493,10.8664739,4,5778117820,40.89010989010989,tertiary
Buon Me Thuot,36,22,6,SSE,0.3,60,34,1010,2021-04-14,29.486486486486488,31.0,15.413957638779541,106.7921493,10.8664739,4,5778117820,64.94594594594595,tertiary
Buon Me Thuot,32,22,4,SSW,66.6,78,62,1009,2021-04-22,1.25,1.0,0.5,106.6966242,10.7712056,4,4608690975,38.0,tertiary
Buon Me Thuot,26,21,8,SSW,9.2,92,83,1006,2020-08-03,19.96718651044965,20.0,11.491157496711356,106.6562138,10.7706814,4,5044255782,34.74703134895503,tertiary
Buon Me Thuot,32,21,3,SW,16.6,86,49,1008,2020-09-11,19.55,8.0,19.782848912912186,106.8248737,10.7170573,3,1612118717,85.21,secondary
Buon Me Thuot,24,20,14,ENE,4.5,86,64,1013,2020-12-01,47.707692307692305,49.0,5.962704600585722,106.600179,10.8654501,1,1409379568,51.93846153846154,trunk
Buon Me Thuot,26,18,9,ENE,0.3,83,67,1013,2020-12-06,44.54545454545455,47.0,10.985113894390322,106.7778783,10.8757747,4,5762723856,56.54545454545455,tertiary
Buon Me Thuot,27,21,12,ENE,0.5,80,67,1010,2020-12-24,19.950819672131146,9.0,24.22955937014749,106.6786972,10.8050949,2,5755399611,81.66666666666667,primary
Hue,20,18,7,NW,16.1,96,100,1017,2021-01-04,17.157894736842106,15.0,15.22128673893248,106.6688585,10.7414307,2,4200187547,43.73684210526316,primary
Hue,21,15,6,ESE,0.0,85,55,1014,2021-01-15,25.104347826086958,22.0,20.714167502377503,106.7921493,10.8664739,4,5778117820,53.30434782608695,tertiary
Hue,24,20,6,SW,0.6,91,65,1013,2021-01-23,8.272727272727273,1.0,8.77600033148255,106.6601997,10.7733429,4,4774007052,11.454545454545455,tertiary
Hue,33,22,9,SSE,1.9,68,37,1003,2021-03-31,22.32967032967033,21.0,19.805192890897718,106.7921493,10.8664739,4,5778117820,40.89010989010989,tertiary
Hue,31,22,9,SE,0.0,77,5,1011,2021-04-14,29.486486486486488,31.0,15.413957638779541,106.7921493,10.8664739,4,5778117820,64.94594594594595,tertiary
Hue,32,25,9,ESE,0.4,79,23,1007,2021-04-22,1.25,1.0,0.5,106.6966242,10.7712056,4,4608690975,38.0,tertiary
Hue,31,25,6,SSE,1.0,79,56,1002,2020-08-03,19.96718651044965,20.0,11.491157496711356,106.6562138,10.7706814,4,5044255782,34.74703134895503,tertiary
Hue,34,24,9,SE,2.5,75,45,1007,2020-09-11,19.55,8.0,19.782848912912186,106.8248737,10.7170573,3,1612118717,85.21,secondary
Hue,23,19,16,ENE,105.4,94,100,1017,2020-12-01,47.707692307692305,49.0,5.962704600585722,106.600179,10.8654501,1,1409379568,51.93846153846154,trunk
Hue,20,18,10,W,10.1,94,97,1017,2020-12-06,44.54545454545455,47.0,10.985113894390322,106.7778783,10.8757747,4,5762723856,56.54545454545455,tertiary
Hue,21,17,9,NW,44.5,97,100,1013,2020-12-24,19.950819672131146,9.0,24.22955937014749,106.6786972,10.8050949,2,5755399611,81.66666666666667,primary
Thanh Hoa,21,14,7,S,0.0,59,65,1020,2021-01-04,17.157894736842106,15.0,15.22128673893248,106.6688585,10.7414307,2,4200187547,43.73684210526316,primary
Thanh Hoa,23,14,7,SW,0.0,74,22,1015,2021-01-15,25.104347826086958,22.0,20.714167502377503,106.7921493,10.8664739,4,5778117820,53.30434782608695,tertiary
Thanh Hoa,25,18,6,SSE,0.0,76,19,1014,2021-01-23,8.272727272727273,1.0,8.77600033148255,106.6601997,10.7733429,4,4774007052,11.454545454545455,tertiary
Thanh Hoa,31,24,10,SE,0.0,79,32,1001,2021-03-31,22.32967032967033,21.0,19.805192890897718,106.7921493,10.8664739,4,5778117820,40.89010989010989,tertiary
Thanh Hoa,29,21,9,SSE,2.7,82,67,1011,2021-04-14,29.486486486486488,31.0,15.413957638779541,106.7921493,10.8664739,4,5778117820,64.94594594594595,tertiary
Thanh Hoa,29,24,12,SE,0.8,85,61,1007,2021-04-22,1.25,1.0,0.5,106.6966242,10.7712056,4,4608690975,38.0,tertiary
Thanh Hoa,33,23,8,SSW,0.8,80,47,999,2020-08-03,19.96718651044965,20.0,11.491157496711356,106.6562138,10.7706814,4,5044255782,34.74703134895503,tertiary
Thanh Hoa,35,27,8,S,2.0,79,38,1005,2020-09-11,19.55,8.0,19.782848912912186,106.8248737,10.7170573,3,1612118717,85.21,secondary
Thanh Hoa,21,14,7,SW,0.0,73,30,1020,2020-12-06,44.54545454545455,47.0,10.985113894390322,106.7778783,10.8757747,4,5762723856,56.54545454545455,tertiary
Thanh Hoa,21,19,7,SSE,0.0,66,81,1022,2020-12-01,47.707692307692305,49.0,5.962704600585722,106.600179,10.8654501,1,1409379568,51.93846153846154,trunk
Thanh Hoa,22,15,8,S,0.0,65,88,1017,2020-12-24,19.950819672131146,9.0,24.22955937014749,106.6786972,10.8050949,2,5755399611,81.66666666666667,primary
Ca Mau,31,24,8,ENE,8.3,79,55,1009,2021-01-04,17.157894736842106,15.0,15.22128673893248,106.6688585,10.7414307,2,4200187547,43.73684210526316,primary
Ca Mau,29,22,8,E,0.0,76,34,1010,2021-01-15,25.104347826086958,22.0,20.714167502377503,106.7921493,10.8664739,4,5778117820,53.30434782608695,tertiary
Ca Mau,29,23,8,SE,0.1,78,45,1010,2021-01-23,8.272727272727273,1.0,8.77600033148255,106.6601997,10.7733429,4,4774007052,11.454545454545455,tertiary
Ca Mau,34,27,6,SSW,7.7,70,72,1010,2021-04-14,29.486486486486488,31.0,15.413957638779541,106.7921493,10.8664739,4,5778117820,64.94594594594595,tertiary
Ca Mau,38,26,7,SSW,0.0,59,10,1005,2021-03-31,22.32967032967033,21.0,19.805192890897718,106.7921493,10.8664739,4,5778117820,40.89010989010989,tertiary
Ca Mau,33,27,11,WSW,1.0,68,46,1008,2021-04-22,1.25,1.0,0.5,106.6966242,10.7712056,4,4608690975,38.0,tertiary
Ca Mau,31,26,13,SW,1.6,80,65,1006,2020-08-03,19.96718651044965,20.0,11.491157496711356,106.6562138,10.7706814,4,5044255782,34.74703134895503,tertiary
Ca Mau,31,27,7,SSW,27.5,81,57,1008,2020-09-11,19.55,8.0,19.782848912912186,106.8248737,10.7170573,3,1612118717,85.21,secondary
Ca Mau,30,22,9,SW,0.0,75,17,1011,2020-12-06,44.54545454545455,47.0,10.985113894390322,106.7778783,10.8757747,4,5762723856,56.54545454545455,tertiary
Ca Mau,28,19,15,E,3.6,88,84,1007,2020-12-24,19.950819672131146,9.0,24.22955937014749,106.6786972,10.8050949,2,5755399611,81.66666666666667,primary
Long Xuyen,32,23,9,ESE,0.1,72,38,1010,2021-01-04,17.157894736842106,15.0,15.22128673893248,106.6688585,10.7414307,2,4200187547,43.73684210526316,primary
Ca Mau,28,24,16,ENE,14.9,89,78,1010,2020-12-01,47.707692307692305,49.0,5.962704600585722,106.600179,10.8654501,1,1409379568,51.93846153846154,trunk
Long Xuyen,29,23,8,SE,1.5,82,53,1010,2021-01-23,8.272727272727273,1.0,8.77600033148255,106.6601997,10.7733429,4,4774007052,11.454545454545455,tertiary
Long Xuyen,31,21,5,ESE,0.0,75,14,1010,2021-01-15,25.104347826086958,22.0,20.714167502377503,106.7921493,10.8664739,4,5778117820,53.30434782608695,tertiary
Long Xuyen,37,27,15,SSW,0.0,56,16,1005,2021-03-31,22.32967032967033,21.0,19.805192890897718,106.7921493,10.8664739,4,5778117820,40.89010989010989,tertiary
Long Xuyen,34,25,10,S,7.4,69,69,1010,2021-04-14,29.486486486486488,31.0,15.413957638779541,106.7921493,10.8664739,4,5778117820,64.94594594594595,tertiary
Long Xuyen,33,28,14,SW,6.6,67,61,1008,2021-04-22,1.25,1.0,0.5,106.6966242,10.7712056,4,4608690975,38.0,tertiary
Long Xuyen,30,25,21,SW,43.3,84,74,1005,2020-08-03,19.96718651044965,20.0,11.491157496711356,106.6562138,10.7706814,4,5044255782,34.74703134895503,tertiary
Long Xuyen,33,28,10,SSW,7.1,75,55,1007,2020-09-11,19.55,8.0,19.782848912912186,106.8248737,10.7170573,3,1612118717,85.21,secondary
Long Xuyen,28,24,12,NE,2.0,83,72,1011,2020-12-01,47.707692307692305,49.0,5.962704600585722,106.600179,10.8654501,1,1409379568,51.93846153846154,trunk
Long Xuyen,31,22,15,SW,0.0,70,5,1011,2020-12-06,44.54545454545455,47.0,10.985113894390322,106.7778783,10.8757747,4,5762723856,56.54545454545455,tertiary
Long Xuyen,28,22,12,ENE,16.9,83,91,1008,2020-12-24,19.950819672131146,9.0,24.22955937014749,106.6786972,10.8050949,2,5755399611,81.66666666666667,primary
Tra Vinh,31,22,11,ESE,0.1,79,47,1010,2021-01-04,17.157894736842106,15.0,15.22128673893248,106.6688585,10.7414307,2,4200187547,43.73684210526316,primary
Tra Vinh,30,21,8,E,0.0,77,19,1010,2021-01-15,25.104347826086958,22.0,20.714167502377503,106.7921493,10.8664739,4,5778117820,53.30434782608695,tertiary
Tra Vinh,28,23,7,E,3.6,85,72,1010,2021-01-23,8.272727272727273,1.0,8.77600033148255,106.6601997,10.7733429,4,4774007052,11.454545454545455,tertiary
Tra Vinh,36,26,11,SSE,0.0,61,9,1005,2021-03-31,22.32967032967033,21.0,19.805192890897718,106.7921493,10.8664739,4,5778117820,40.89010989010989,tertiary
Tra Vinh,33,27,9,SSE,6.5,73,64,1010,2021-04-14,29.486486486486488,31.0,15.413957638779541,106.7921493,10.8664739,4,5778117820,64.94594594594595,tertiary
Tra Vinh,34,27,9,SW,2.5,67,71,1008,2021-04-22,1.25,1.0,0.5,106.6966242,10.7712056,4,4608690975,38.0,tertiary
Tra Vinh,30,25,13,SW,6.9,84,62,1006,2020-08-03,19.96718651044965,20.0,11.491157496711356,106.6562138,10.7706814,4,5044255782,34.74703134895503,tertiary
Tra Vinh,33,26,8,SSW,1.7,78,45,1008,2020-09-11,19.55,8.0,19.782848912912186,106.8248737,10.7170573,3,1612118717,85.21,secondary
Tra Vinh,28,23,18,ENE,2.2,81,69,1010,2020-12-01,47.707692307692305,49.0,5.962704600585722,106.600179,10.8654501,1,1409379568,51.93846153846154,trunk
Tra Vinh,31,23,4,W,0.4,79,36,1011,2020-12-06,44.54545454545455,47.0,10.985113894390322,106.7778783,10.8757747,4,5762723856,56.54545454545455,tertiary
Tra Vinh,27,21,16,E,7.3,89,60,1008,2020-12-24,19.950819672131146,9.0,24.22955937014749,106.6786972,10.8050949,2,5755399611,81.66666666666667,primary
Cam Pha,19,14,10,E,0.0,52,84,1020,2021-01-04,17.157894736842106,15.0,15.22128673893248,106.6688585,10.7414307,2,4200187547,43.73684210526316,primary
Cam Pha,20,13,6,SSW,0.0,77,12,1015,2021-01-15,25.104347826086958,22.0,20.714167502377503,106.7921493,10.8664739,4,5778117820,53.30434782608695,tertiary
Cam Pha,22,17,5,SSE,0.0,80,11,1014,2021-01-23,8.272727272727273,1.0,8.77600033148255,106.6601997,10.7733429,4,4774007052,11.454545454545455,tertiary
Cam Pha,26,21,8,SSE,0.1,82,38,1003,2021-03-31,22.32967032967033,21.0,19.805192890897718,106.7921493,10.8664739,4,5778117820,40.89010989010989,tertiary
Cam Pha,26,23,6,SE,0.1,83,54,1011,2021-04-14,29.486486486486488,31.0,15.413957638779541,106.7921493,10.8664739,4,5778117820,64.94594594594595,tertiary
Cam Pha,27,24,7,ESE,1.7,87,74,1008,2021-04-22,1.25,1.0,0.5,106.6966242,10.7712056,4,4608690975,38.0,tertiary
Cam Pha,30,26,11,S,28.2,81,84,999,2020-08-03,19.96718651044965,20.0,11.491157496711356,106.6562138,10.7706814,4,5044255782,34.74703134895503,tertiary
Cam Pha,29,24,14,SSE,19.7,88,67,1005,2020-09-11,19.55,8.0,19.782848912912186,106.8248737,10.7170573,3,1612118717,85.21,secondary
Cam Pha,19,13,9,NE,0.0,67,15,1020,2020-12-06,44.54545454545455,47.0,10.985113894390322,106.7778783,10.8757747,4,5762723856,56.54545454545455,tertiary
Cam Pha,21,17,13,NE,0.0,63,59,1022,2020-12-01,47.707692307692305,49.0,5.962704600585722,106.600179,10.8654501,1,1409379568,51.93846153846154,trunk
My Tho,32,21,7,SSW,0.1,76,41,1010,2021-01-04,17.157894736842106,15.0,15.22128673893248,106.6688585,10.7414307,2,4200187547,43.73684210526316,primary
My Tho,31,21,6,ESE,0.0,74,15,1010,2021-01-15,25.104347826086958,22.0,20.714167502377503,106.7921493,10.8664739,4,5778117820,53.30434782608695,tertiary
My Tho,25,23,5,ESE,3.0,92,67,1010,2021-01-23,8.272727272727273,1.0,8.77600033148255,106.6601997,10.7733429,4,4774007052,11.454545454545455,tertiary
Cam Pha,21,15,8,NE,0.0,64,92,1017,2020-12-24,19.950819672131146,9.0,24.22955937014749,106.6786972,10.8050949,2,5755399611,81.66666666666667,primary
My Tho,39,26,9,SSE,0.0,59,13,1005,2021-03-31,22.32967032967033,21.0,19.805192890897718,106.7921493,10.8664739,4,5778117820,40.89010989010989,tertiary
My Tho,33,26,7,SSE,7.6,76,75,1010,2021-04-14,29.486486486486488,31.0,15.413957638779541,106.7921493,10.8664739,4,5778117820,64.94594594594595,tertiary
My Tho,35,27,6,SSW,0.9,69,58,1008,2021-04-22,1.25,1.0,0.5,106.6966242,10.7712056,4,4608690975,38.0,tertiary
My Tho,29,25,11,SW,5.1,88,71,1006,2020-08-03,19.96718651044965,20.0,11.491157496711356,106.6562138,10.7706814,4,5044255782,34.74703134895503,tertiary
My Tho,32,26,6,SSW,7.5,82,49,1007,2020-09-11,19.55,8.0,19.782848912912186,106.8248737,10.7170573,3,1612118717,85.21,secondary
My Tho,29,24,8,ENE,4.2,85,63,1011,2020-12-01,47.707692307692305,49.0,5.962704600585722,106.600179,10.8654501,1,1409379568,51.93846153846154,trunk
My Tho,32,22,5,WSW,0.0,77,20,1011,2020-12-06,44.54545454545455,47.0,10.985113894390322,106.7778783,10.8757747,4,5762723856,56.54545454545455,tertiary
Tuy Hoa,24,18,21,NNE,19.4,92,95,1013,2021-01-04,17.157894736842106,15.0,15.22128673893248,106.6688585,10.7414307,2,4200187547,43.73684210526316,primary
My Tho,29,23,11,E,7.8,85,75,1008,2020-12-24,19.950819672131146,9.0,24.22955937014749,106.6786972,10.8050949,2,5755399611,81.66666666666667,primary
Tuy Hoa,23,17,11,SSW,0.1,85,65,1013,2021-01-15,25.104347826086958,22.0,20.714167502377503,106.7921493,10.8664739,4,5778117820,53.30434782608695,tertiary
Tuy Hoa,24,18,12,SSE,1.2,89,78,1012,2021-01-23,8.272727272727273,1.0,8.77600033148255,106.6601997,10.7733429,4,4774007052,11.454545454545455,tertiary
Tuy Hoa,32,22,12,S,0.0,74,13,1005,2021-03-31,22.32967032967033,21.0,19.805192890897718,106.7921493,10.8664739,4,5778117820,40.89010989010989,tertiary
Tuy Hoa,29,24,7,SSE,0.0,77,18,1011,2021-04-14,29.486486486486488,31.0,15.413957638779541,106.7921493,10.8664739,4,5778117820,64.94594594594595,tertiary
Tuy Hoa,31,25,8,S,4.2,80,59,1008,2021-04-22,1.25,1.0,0.5,106.6966242,10.7712056,4,4608690975,38.0,tertiary
Tuy Hoa,32,26,13,WSW,1.7,70,45,1005,2020-08-03,19.96718651044965,20.0,11.491157496711356,106.6562138,10.7706814,4,5044255782,34.74703134895503,tertiary
Tuy Hoa,32,25,12,S,3.0,79,47,1008,2020-09-11,19.55,8.0,19.782848912912186,106.8248737,10.7170573,3,1612118717,85.21,secondary
Tuy Hoa,25,22,23,NE,37.4,89,83,1014,2020-12-01,47.707692307692305,49.0,5.962704600585722,106.600179,10.8654501,1,1409379568,51.93846153846154,trunk
Tuy Hoa,24,19,19,W,7.5,90,100,1014,2020-12-06,44.54545454545455,47.0,10.985113894390322,106.7778783,10.8757747,4,5762723856,56.54545454545455,tertiary
Tuy Hoa,25,22,12,SSW,11.5,93,87,1011,2020-12-24,19.950819672131146,9.0,24.22955937014749,106.6786972,10.8050949,2,5755399611,81.66666666666667,primary
Cam Ranh,24,17,32,E,28.0,89,99,1012,2021-01-04,17.157894736842106,15.0,15.22128673893248,106.6688585,10.7414307,2,4200187547,43.73684210526316,primary
Cam Ranh,23,19,23,SE,0.0,80,18,1012,2021-01-15,25.104347826086958,22.0,20.714167502377503,106.7921493,10.8664739,4,5778117820,53.30434782608695,tertiary
Cam Ranh,25,22,22,NNE,0.0,85,24,1012,2021-01-23,8.272727272727273,1.0,8.77600033148255,106.6601997,10.7733429,4,4774007052,11.454545454545455,tertiary
Cam Ranh,29,24,17,SSW,0.0,75,8,1006,2021-03-31,22.32967032967033,21.0,19.805192890897718,106.7921493,10.8664739,4,5778117820,40.89010989010989,tertiary
Cam Ranh,28,25,8,S,0.0,74,15,1011,2021-04-14,29.486486486486488,31.0,15.413957638779541,106.7921493,10.8664739,4,5778117820,64.94594594594595,tertiary
Cam Ranh,29,24,8,S,11.4,79,63,1009,2021-04-22,1.25,1.0,0.5,106.6966242,10.7712056,4,4608690975,38.0,tertiary
Cam Ranh,31,26,21,SW,2.0,75,50,1006,2020-08-03,19.96718651044965,20.0,11.491157496711356,106.6562138,10.7706814,4,5044255782,34.74703134895503,tertiary
Cam Ranh,29,26,13,SSW,1.7,80,44,1008,2020-09-11,19.55,8.0,19.782848912912186,106.8248737,10.7170573,3,1612118717,85.21,secondary
Cam Ranh,25,22,32,NNE,74.3,88,82,1013,2020-12-01,47.707692307692305,49.0,5.962704600585722,106.600179,10.8654501,1,1409379568,51.93846153846154,trunk
Cam Ranh,26,22,30,SSE,0.5,82,82,1013,2020-12-06,44.54545454545455,47.0,10.985113894390322,106.7778783,10.8757747,4,5762723856,56.54545454545455,tertiary
Cam Ranh,25,20,19,W,5.9,88,86,1010,2020-12-24,19.950819672131146,9.0,24.22955937014749,106.6786972,10.8050949,2,5755399611,81.66666666666667,primary
Nam Dinh,21,16,8,SW,0.0,55,63,1020,2021-01-04,17.157894736842106,15.0,15.22128673893248,106.6688585,10.7414307,2,4200187547,43.73684210526316,primary
Nam Dinh,23,16,7,SSE,0.0,71,15,1015,2021-01-15,25.104347826086958,22.0,20.714167502377503,106.7921493,10.8664739,4,5778117820,53.30434782608695,tertiary
Nam Dinh,25,19,9,SE,0.0,71,25,1014,2021-01-23,8.272727272727273,1.0,8.77600033148255,106.6601997,10.7733429,4,4774007052,11.454545454545455,tertiary
Nam Dinh,30,24,17,SSE,0.0,80,40,1001,2021-03-31,22.32967032967033,21.0,19.805192890897718,106.7921493,10.8664739,4,5778117820,40.89010989010989,tertiary
Nam Dinh,29,24,13,SSE,0.3,82,58,1011,2021-04-14,29.486486486486488,31.0,15.413957638779541,106.7921493,10.8664739,4,5778117820,64.94594594594595,tertiary
Nam Dinh,29,25,14,SSE,0.7,86,61,1007,2021-04-22,1.25,1.0,0.5,106.6966242,10.7712056,4,4608690975,38.0,tertiary
Nam Dinh,32,27,10,S,2.7,78,67,999,2020-08-03,19.96718651044965,20.0,11.491157496711356,106.6562138,10.7706814,4,5044255782,34.74703134895503,tertiary
Nam Dinh,33,28,12,SSE,2.8,82,48,1005,2020-09-11,19.55,8.0,19.782848912912186,106.8248737,10.7170573,3,1612118717,85.21,secondary
Nam Dinh,22,19,7,E,0.0,63,84,1022,2020-12-01,47.707692307692305,49.0,5.962704600585722,106.600179,10.8654501,1,1409379568,51.93846153846154,trunk
Nam Dinh,23,16,7,S,0.0,65,12,1020,2020-12-06,44.54545454545455,47.0,10.985113894390322,106.7778783,10.8757747,4,5762723856,56.54545454545455,tertiary
Uong Bi,20,11,5,ESE,0.0,48,66,1020,2021-01-04,17.157894736842106,15.0,15.22128673893248,106.6688585,10.7414307,2,4200187547,43.73684210526316,primary
Nam Dinh,23,18,8,S,0.0,62,72,1017,2020-12-24,19.950819672131146,9.0,24.22955937014749,106.6786972,10.8050949,2,5755399611,81.66666666666667,primary
Uong Bi,25,16,5,E,0.0,75,16,1014,2021-01-23,8.272727272727273,1.0,8.77600033148255,106.6601997,10.7733429,4,4774007052,11.454545454545455,tertiary
Uong Bi,22,12,5,E,0.0,75,13,1015,2021-01-15,25.104347826086958,22.0,20.714167502377503,106.7921493,10.8664739,4,5778117820,53.30434782608695,tertiary
Uong Bi,28,23,8,SE,0.0,77,40,1002,2021-03-31,22.32967032967033,21.0,19.805192890897718,106.7921493,10.8664739,4,5778117820,40.89010989010989,tertiary
Uong Bi,28,23,6,SE,0.4,80,63,1011,2021-04-14,29.486486486486488,31.0,15.413957638779541,106.7921493,10.8664739,4,5778117820,64.94594594594595,tertiary
Uong Bi,27,23,7,SE,1.8,86,74,1008,2021-04-22,1.25,1.0,0.5,106.6966242,10.7712056,4,4608690975,38.0,tertiary
Uong Bi,30,24,7,SE,22.6,84,83,999,2020-08-03,19.96718651044965,20.0,11.491157496711356,106.6562138,10.7706814,4,5044255782,34.74703134895503,tertiary
Uong Bi,30,25,8,SE,12.0,89,63,1005,2020-09-11,19.55,8.0,19.782848912912186,106.8248737,10.7170573,3,1612118717,85.21,secondary
Uong Bi,22,13,4,ENE,0.0,59,66,1022,2020-12-01,47.707692307692305,49.0,5.962704600585722,106.600179,10.8654501,1,1409379568,51.93846153846154,trunk
Uong Bi,23,13,5,ENE,0.0,65,8,1020,2020-12-06,44.54545454545455,47.0,10.985113894390322,106.7778783,10.8757747,4,5762723856,56.54545454545455,tertiary
Uong Bi,23,15,3,SE,0.0,59,78,1017,2020-12-24,19.950819672131146,9.0,24.22955937014749,106.6786972,10.8050949,2,5755399611,81.66666666666667,primary
Can Tho,31,23,7,S,0.2,79,45,1010,2021-01-04,17.157894736842106,15.0,15.22128673893248,106.6688585,10.7414307,2,4200187547,43.73684210526316,primary
Can Tho,30,21,7,E,0.0,77,20,1010,2021-01-15,25.104347826086958,22.0,20.714167502377503,106.7921493,10.8664739,4,5778117820,53.30434782608695,tertiary
Can Tho,28,23,7,ESE,5.7,82,63,1010,2021-01-23,8.272727272727273,1.0,8.77600033148255,106.6601997,10.7733429,4,4774007052,11.454545454545455,tertiary
Can Tho,38,26,11,S,0.0,55,18,1005,2021-03-31,22.32967032967033,21.0,19.805192890897718,106.7921493,10.8664739,4,5778117820,40.89010989010989,tertiary
Can Tho,33,26,9,S,2.5,71,56,1010,2021-04-14,29.486486486486488,31.0,15.413957638779541,106.7921493,10.8664739,4,5778117820,64.94594594594595,tertiary
Can Tho,33,27,11,SW,0.5,67,56,1008,2021-04-22,1.25,1.0,0.5,106.6966242,10.7712056,4,4608690975,38.0,tertiary
Can Tho,30,25,15,SW,6.9,85,60,1006,2020-08-03,19.96718651044965,20.0,11.491157496711356,106.6562138,10.7706814,4,5044255782,34.74703134895503,tertiary
Can Tho,32,26,9,SSW,2.3,78,45,1007,2020-09-11,19.55,8.0,19.782848912912186,106.8248737,10.7170573,3,1612118717,85.21,secondary
Can Tho,29,23,13,ENE,4.8,84,74,1011,2020-12-01,47.707692307692305,49.0,5.962704600585722,106.600179,10.8654501,1,1409379568,51.93846153846154,trunk
Can Tho,30,21,10,SW,0.0,74,15,1011,2020-12-06,44.54545454545455,47.0,10.985113894390322,106.7778783,10.8757747,4,5762723856,56.54545454545455,tertiary
Can Tho,28,19,13,ENE,15.2,91,87,1008,2020-12-24,19.950819672131146,9.0,24.22955937014749,106.6786972,10.8050949,2,5755399611,81.66666666666667,primary
Nha Trang,25,16,21,SSE,16.9,90,99,1012,2021-01-04,17.157894736842106,15.0,15.22128673893248,106.6688585,10.7414307,2,4200187547,43.73684210526316,primary
Nha Trang,24,17,13,SW,0.0,81,12,1012,2021-01-15,25.104347826086958,22.0,20.714167502377503,106.7921493,10.8664739,4,5778117820,53.30434782608695,tertiary
Nha Trang,26,21,14,SSE,0.0,85,31,1012,2021-01-23,8.272727272727273,1.0,8.77600033148255,106.6601997,10.7733429,4,4774007052,11.454545454545455,tertiary
Nha Trang,30,23,12,S,0.0,75,9,1006,2021-03-31,22.32967032967033,21.0,19.805192890897718,106.7921493,10.8664739,4,5778117820,40.89010989010989,tertiary
Nha Trang,28,23,6,S,0.0,76,18,1011,2021-04-14,29.486486486486488,31.0,15.413957638779541,106.7921493,10.8664739,4,5778117820,64.94594594594595,tertiary
Nha Trang,30,25,9,SSW,6.3,78,55,1009,2021-04-22,1.25,1.0,0.5,106.6966242,10.7712056,4,4608690975,38.0,tertiary
Nha Trang,31,26,7,SSW,9.9,75,50,1005,2020-08-03,19.96718651044965,20.0,11.491157496711356,106.6562138,10.7706814,4,5044255782,34.74703134895503,tertiary
Nha Trang,30,25,11,SSW,5.6,83,45,1008,2020-09-11,19.55,8.0,19.782848912912186,106.8248737,10.7170573,3,1612118717,85.21,secondary
Nha Trang,25,22,25,NNE,66.4,88,83,1013,2020-12-01,47.707692307692305,49.0,5.962704600585722,106.600179,10.8654501,1,1409379568,51.93846153846154,trunk
Nha Trang,26,21,19,SW,0.3,84,75,1013,2020-12-06,44.54545454545455,47.0,10.985113894390322,106.7778783,10.8757747,4,5762723856,56.54545454545455,tertiary
Nha Trang,25,20,10,NNW,15.8,91,86,1010,2020-12-24,19.950819672131146,9.0,24.22955937014749,106.6786972,10.8050949,2,5755399611,81.66666666666667,primary
Viet Tri,22,15,7,SW,0.0,52,45,1021,2021-01-04,17.157894736842106,15.0,15.22128673893248,106.6688585,10.7414307,2,4200187547,43.73684210526316,primary
Viet Tri,25,14,6,SSE,0.0,63,12,1015,2021-01-15,25.104347826086958,22.0,20.714167502377503,106.7921493,10.8664739,4,5778117820,53.30434782608695,tertiary
Viet Tri,26,18,8,SE,0.0,63,35,1014,2021-01-23,8.272727272727273,1.0,8.77600033148255,106.6601997,10.7733429,4,4774007052,11.454545454545455,tertiary
Viet Tri,34,24,14,E,0.0,69,44,1000,2021-03-31,22.32967032967033,21.0,19.805192890897718,106.7921493,10.8664739,4,5778117820,40.89010989010989,tertiary
Viet Tri,30,23,12,ESE,1.0,78,73,1010,2021-04-14,29.486486486486488,31.0,15.413957638779541,106.7921493,10.8664739,4,5778117820,64.94594594594595,tertiary
Viet Tri,32,25,13,ESE,1.8,80,74,1007,2021-04-22,1.25,1.0,0.5,106.6966242,10.7712056,4,4608690975,38.0,tertiary
Viet Tri,31,26,8,E,38.7,84,68,999,2020-08-03,19.96718651044965,20.0,11.491157496711356,106.6562138,10.7706814,4,5044255782,34.74703134895503,tertiary
Viet Tri,33,26,7,SSW,20.6,86,73,1006,2020-09-11,19.55,8.0,19.782848912912186,106.8248737,10.7170573,3,1612118717,85.21,secondary
Viet Tri,23,18,6,E,0.0,52,52,1022,2020-12-01,47.707692307692305,49.0,5.962704600585722,106.600179,10.8654501,1,1409379568,51.93846153846154,trunk
Viet Tri,22,14,4,SSE,0.0,61,6,1020,2020-12-06,44.54545454545455,47.0,10.985113894390322,106.7778783,10.8757747,4,5762723856,56.54545454545455,tertiary
Viet Tri,24,16,5,S,0.0,56,44,1017,2020-12-24,19.950819672131146,9.0,24.22955937014749,106.6786972,10.8050949,2,5755399611,81.66666666666667,primary
Chau Doc,32,23,10,SE,0.0,67,42,1010,2021-01-04,17.157894736842106,15.0,15.22128673893248,106.6688585,10.7414307,2,4200187547,43.73684210526316,primary
Chau Doc,32,21,5,SSE,0.0,72,12,1010,2021-01-15,25.104347826086958,22.0,20.714167502377503,106.7921493,10.8664739,4,5778117820,53.30434782608695,tertiary
Chau Doc,28,24,8,SSE,9.7,78,67,1010,2021-01-23,8.272727272727273,1.0,8.77600033148255,106.6601997,10.7733429,4,4774007052,11.454545454545455,tertiary
Chau Doc,37,28,16,SSW,0.0,53,14,1005,2021-03-31,22.32967032967033,21.0,19.805192890897718,106.7921493,10.8664739,4,5778117820,40.89010989010989,tertiary
Chau Doc,34,28,11,S,0.7,64,48,1010,2021-04-14,29.486486486486488,31.0,15.413957638779541,106.7921493,10.8664739,4,5778117820,64.94594594594595,tertiary
Chau Doc,33,28,15,SW,3.6,66,47,1008,2021-04-22,1.25,1.0,0.5,106.6966242,10.7712056,4,4608690975,38.0,tertiary
Chau Doc,30,26,23,SW,23.3,82,69,1005,2020-08-03,19.96718651044965,20.0,11.491157496711356,106.6562138,10.7706814,4,5044255782,34.74703134895503,tertiary
Chau Doc,32,28,10,SW,14.4,76,60,1007,2020-09-11,19.55,8.0,19.782848912912186,106.8248737,10.7170573,3,1612118717,85.21,secondary
Chau Doc,28,22,14,NE,0.1,81,58,1011,2020-12-01,47.707692307692305,49.0,5.962704600585722,106.600179,10.8654501,1,1409379568,51.93846153846154,trunk
Chau Doc,29,22,18,S,0.0,69,7,1012,2020-12-06,44.54545454545455,47.0,10.985113894390322,106.7778783,10.8757747,4,5762723856,56.54545454545455,tertiary
Chau Doc,29,22,9,NE,19.1,81,88,1008,2020-12-24,19.950819672131146,9.0,24.22955937014749,106.6786972,10.8050949,2,5755399611,81.66666666666667,primary
Phan Rang,24,17,32,E,28.0,89,99,1012,2021-01-04,17.157894736842106,15.0,15.22128673893248,106.6688585,10.7414307,2,4200187547,43.73684210526316,primary
Phan Rang,23,19,23,SE,0.0,80,18,1012,2021-01-15,25.104347826086958,22.0,20.714167502377503,106.7921493,10.8664739,4,5778117820,53.30434782608695,tertiary
Phan Rang,25,22,22,NNE,0.0,85,24,1012,2021-01-23,8.272727272727273,1.0,8.77600033148255,106.6601997,10.7733429,4,4774007052,11.454545454545455,tertiary
Phan Rang,29,24,17,SSW,0.0,75,8,1006,2021-03-31,22.32967032967033,21.0,19.805192890897718,106.7921493,10.8664739,4,5778117820,40.89010989010989,tertiary
Phan Rang,28,25,8,S,0.0,74,15,1011,2021-04-14,29.486486486486488,31.0,15.413957638779541,106.7921493,10.8664739,4,5778117820,64.94594594594595,tertiary
Phan Rang,29,24,8,S,11.4,79,63,1009,2021-04-22,1.25,1.0,0.5,106.6966242,10.7712056,4,4608690975,38.0,tertiary
Phan Rang,31,26,21,SW,2.0,75,50,1006,2020-08-03,19.96718651044965,20.0,11.491157496711356,106.6562138,10.7706814,4,5044255782,34.74703134895503,tertiary
Phan Rang,29,26,13,SSW,1.7,80,44,1008,2020-09-11,19.55,8.0,19.782848912912186,106.8248737,10.7170573,3,1612118717,85.21,secondary
Phan Rang,26,22,30,SSE,0.5,82,82,1013,2020-12-06,44.54545454545455,47.0,10.985113894390322,106.7778783,10.8757747,4,5762723856,56.54545454545455,tertiary
Phan Rang,25,22,32,NNE,74.3,88,82,1013,2020-12-01,47.707692307692305,49.0,5.962704600585722,106.600179,10.8654501,1,1409379568,51.93846153846154,trunk
Phan Rang,25,20,19,W,5.9,88,86,1010,2020-12-24,19.950819672131146,9.0,24.22955937014749,106.6786972,10.8050949,2,5755399611,81.66666666666667,primary
Vinh,20,16,8,SSW,2.2,75,75,1019,2021-01-04,17.157894736842106,15.0,15.22128673893248,106.6688585,10.7414307,2,4200187547,43.73684210526316,primary
Vinh,20,14,7,SSW,0.0,83,57,1014,2021-01-15,25.104347826086958,22.0,20.714167502377503,106.7921493,10.8664739,4,5778117820,53.30434782608695,tertiary
Vinh,23,17,6,S,0.0,85,31,1014,2021-01-23,8.272727272727273,1.0,8.77600033148255,106.6601997,10.7733429,4,4774007052,11.454545454545455,tertiary
Vinh,34,25,6,SE,0.0,62,28,1000,2021-03-31,22.32967032967033,21.0,19.805192890897718,106.7921493,10.8664739,4,5778117820,40.89010989010989,tertiary
Vinh,29,24,9,SE,4.8,84,64,1011,2021-04-14,29.486486486486488,31.0,15.413957638779541,106.7921493,10.8664739,4,5778117820,64.94594594594595,tertiary
Vinh,30,25,9,SE,1.3,85,56,1007,2021-04-22,1.25,1.0,0.5,106.6966242,10.7712056,4,4608690975,38.0,tertiary
Vinh,31,26,9,SSW,0.2,78,60,1000,2020-08-03,19.96718651044965,20.0,11.491157496711356,106.6562138,10.7706814,4,5044255782,34.74703134895503,tertiary
Vinh,35,27,9,S,1.2,75,23,1006,2020-09-11,19.55,8.0,19.782848912912186,106.8248737,10.7170573,3,1612118717,85.21,secondary
Vinh,20,15,10,SSW,3.7,81,98,1020,2020-12-01,47.707692307692305,49.0,5.962704600585722,106.600179,10.8654501,1,1409379568,51.93846153846154,trunk
Vinh,20,15,9,SSW,0.1,80,81,1019,2020-12-06,44.54545454545455,47.0,10.985113894390322,106.7778783,10.8757747,4,5762723856,56.54545454545455,tertiary
Vinh,20,18,8,SSW,2.6,83,96,1016,2020-12-24,19.950819672131146,9.0,24.22955937014749,106.6786972,10.8050949,2,5755399611,81.66666666666667,primary
Da Lat,21,15,9,NE,3.1,88,61,1012,2021-01-04,17.157894736842106,15.0,15.22128673893248,106.6688585,10.7414307,2,4200187547,43.73684210526316,primary
Da Lat,22,16,3,ENE,6.7,89,76,1011,2021-01-23,8.272727272727273,1.0,8.77600033148255,106.6601997,10.7733429,4,4774007052,11.454545454545455,tertiary
Da Lat,24,15,2,ESE,0.0,72,7,1012,2021-01-15,25.104347826086958,22.0,20.714167502377503,106.7921493,10.8664739,4,5778117820,53.30434782608695,tertiary
Da Lat,29,20,3,SW,0.0,64,18,1008,2021-03-31,22.32967032967033,21.0,19.805192890897718,106.7921493,10.8664739,4,5778117820,40.89010989010989,tertiary
Da Lat,26,18,3,W,28.7,85,70,1012,2021-04-22,1.25,1.0,0.5,106.6966242,10.7712056,4,4608690975,38.0,tertiary
Da Lat,29,18,2,ESE,1.7,76,43,1013,2021-04-14,29.486486486486488,31.0,15.413957638779541,106.7921493,10.8664739,4,5778117820,64.94594594594595,tertiary
Da Lat,23,14,9,W,8.5,94,87,1006,2020-08-03,19.96718651044965,20.0,11.491157496711356,106.6562138,10.7706814,4,5044255782,34.74703134895503,tertiary
Da Lat,24,18,2,S,44.2,93,76,1008,2020-09-11,19.55,8.0,19.782848912912186,106.8248737,10.7170573,3,1612118717,85.21,secondary
Da Lat,21,15,9,ENE,25.6,91,78,1013,2020-12-01,47.707692307692305,49.0,5.962704600585722,106.600179,10.8654501,1,1409379568,51.93846153846154,trunk
Da Lat,23,13,7,NNE,0.3,85,53,1013,2020-12-06,44.54545454545455,47.0,10.985113894390322,106.7778783,10.8757747,4,5762723856,56.54545454545455,tertiary
Da Lat,22,16,6,ENE,10.5,92,83,1010,2020-12-24,19.950819672131146,9.0,24.22955937014749,106.6786972,10.8050949,2,5755399611,81.66666666666667,primary
Phan Thiet,27,23,11,E,3.4,81,35,1010,2021-01-04,17.157894736842106,15.0,15.22128673893248,106.6688585,10.7414307,2,4200187547,43.73684210526316,primary
Phan Thiet,26,20,9,ENE,0.0,78,10,1011,2021-01-15,25.104347826086958,22.0,20.714167502377503,106.7921493,10.8664739,4,5778117820,53.30434782608695,tertiary
Phan Thiet,26,23,5,SSW,4.4,87,50,1011,2021-01-23,8.272727272727273,1.0,8.77600033148255,106.6601997,10.7733429,4,4774007052,11.454545454545455,tertiary
Phan Thiet,31,24,9,SSW,0.0,72,17,1006,2021-03-31,22.32967032967033,21.0,19.805192890897718,106.7921493,10.8664739,4,5778117820,40.89010989010989,tertiary
Phan Thiet,31,25,11,E,1.9,77,52,1011,2021-04-14,29.486486486486488,31.0,15.413957638779541,106.7921493,10.8664739,4,5778117820,64.94594594594595,tertiary
Phan Thiet,31,26,7,SW,19.8,78,69,1009,2021-04-22,1.25,1.0,0.5,106.6966242,10.7712056,4,4608690975,38.0,tertiary
Phan Thiet,29,24,16,WSW,17.1,88,60,1006,2020-08-03,19.96718651044965,20.0,11.491157496711356,106.6562138,10.7706814,4,5044255782,34.74703134895503,tertiary
Phan Thiet,31,25,8,WSW,1.1,80,48,1008,2020-09-11,19.55,8.0,19.782848912912186,106.8248737,10.7170573,3,1612118717,85.21,secondary
Phan Thiet,29,24,23,ENE,3.1,84,47,1011,2020-12-01,47.707692307692305,49.0,5.962704600585722,106.600179,10.8654501,1,1409379568,51.93846153846154,trunk
Phan Thiet,28,22,6,SW,0.8,80,30,1012,2020-12-06,44.54545454545455,47.0,10.985113894390322,106.7778783,10.8757747,4,5762723856,56.54545454545455,tertiary
Phan Thiet,28,23,17,ENE,1.7,83,37,1009,2020-12-24,19.950819672131146,9.0,24.22955937014749,106.6786972,10.8050949,2,5755399611,81.66666666666667,primary
Vinh Long,31,23,7,S,0.4,78,45,1010,2021-01-04,17.157894736842106,15.0,15.22128673893248,106.6688585,10.7414307,2,4200187547,43.73684210526316,primary
Vinh Long,26,23,7,ESE,2.0,87,55,1010,2021-01-23,8.272727272727273,1.0,8.77600033148255,106.6601997,10.7733429,4,4774007052,11.454545454545455,tertiary
Vinh Long,30,20,7,SSE,0.0,77,19,1010,2021-01-15,25.104347826086958,22.0,20.714167502377503,106.7921493,10.8664739,4,5778117820,53.30434782608695,tertiary
Vinh Long,37,25,11,S,0.0,55,22,1005,2021-03-31,22.32967032967033,21.0,19.805192890897718,106.7921493,10.8664739,4,5778117820,40.89010989010989,tertiary
Vinh Long,34,25,8,SSE,4.3,74,62,1010,2021-04-14,29.486486486486488,31.0,15.413957638779541,106.7921493,10.8664739,4,5778117820,64.94594594594595,tertiary
Vinh Long,34,27,10,SW,0.4,66,51,1008,2021-04-22,1.25,1.0,0.5,106.6966242,10.7712056,4,4608690975,38.0,tertiary
Vinh Long,30,25,16,SW,7.2,86,68,1006,2020-08-03,19.96718651044965,20.0,11.491157496711356,106.6562138,10.7706814,4,5044255782,34.74703134895503,tertiary
Vinh Long,32,26,8,SSW,8.0,78,58,1007,2020-09-11,19.55,8.0,19.782848912912186,106.8248737,10.7170573,3,1612118717,85.21,secondary
Vinh Long,31,21,9,SW,0.0,73,14,1011,2020-12-06,44.54545454545455,47.0,10.985113894390322,106.7778783,10.8757747,4,5762723856,56.54545454545455,tertiary
Vinh Long,28,23,9,ENE,6.6,85,70,1011,2020-12-01,47.707692307692305,49.0,5.962704600585722,106.600179,10.8654501,1,1409379568,51.93846153846154,trunk
Vinh Long,28,23,11,ENE,6.9,89,70,1008,2020-12-24,19.950819672131146,9.0,24.22955937014749,106.6786972,10.8050949,2,5755399611,81.66666666666667,primary
Ha Noi,23,15,7,ESE,0.0,49,28,1020,2021-01-04,17.157894736842106,15.0,15.22128673893248,106.6688585,10.7414307,2,4200187547,43.73684210526316,primary
Ha Noi,25,15,8,ESE,0.0,66,12,1015,2021-01-15,25.104347826086958,22.0,20.714167502377503,106.7921493,10.8664739,4,5778117820,53.30434782608695,tertiary
Ha Noi,26,19,10,SE,0.0,65,32,1014,2021-01-23,8.272727272727273,1.0,8.77600033148255,106.6601997,10.7733429,4,4774007052,11.454545454545455,tertiary
Ha Noi,34,25,17,SE,0.0,69,40,1001,2021-03-31,22.32967032967033,21.0,19.805192890897718,106.7921493,10.8664739,4,5778117820,40.89010989010989,tertiary
Ha Noi,29,24,13,SE,0.3,79,65,1011,2021-04-14,29.486486486486488,31.0,15.413957638779541,106.7921493,10.8664739,4,5778117820,64.94594594594595,tertiary
Ha Noi,31,25,16,SE,0.5,81,65,1007,2021-04-22,1.25,1.0,0.5,106.6966242,10.7712056,4,4608690975,38.0,tertiary
Ha Noi,33,26,9,ESE,5.4,77,66,999,2020-08-03,19.96718651044965,20.0,11.491157496711356,106.6562138,10.7706814,4,5044255782,34.74703134895503,tertiary
Ha Noi,34,27,10,S,7.1,81,70,1005,2020-09-11,19.55,8.0,19.782848912912186,106.8248737,10.7170573,3,1612118717,85.21,secondary
Ha Noi,22,18,8,ENE,0.0,53,56,1022,2020-12-01,47.707692307692305,49.0,5.962704600585722,106.600179,10.8654501,1,1409379568,51.93846153846154,trunk
Ha Noi,23,15,4,SE,0.0,61,5,1021,2020-12-06,44.54545454545455,47.0,10.985113894390322,106.7778783,10.8757747,4,5762723856,56.54545454545455,tertiary
Ha Noi,24,17,7,SSE,0.0,53,49,1017,2020-12-24,19.950819672131146,9.0,24.22955937014749,106.6786972,10.8050949,2,5755399611,81.66666666666667,primary
Play Cu,28,17,16,ENE,0.0,75,29,1014,2021-01-04,17.157894736842106,15.0,15.22128673893248,106.6688585,10.7414307,2,4200187547,43.73684210526316,primary
Play Cu,28,12,8,E,0.0,69,14,1013,2021-01-15,25.104347826086958,22.0,20.714167502377503,106.7921493,10.8664739,4,5778117820,53.30434782608695,tertiary
Play Cu,29,16,8,E,0.1,75,48,1012,2021-01-23,8.272727272727273,1.0,8.77600033148255,106.6601997,10.7733429,4,4774007052,11.454545454545455,tertiary
Play Cu,35,24,8,SW,0.0,49,31,1006,2021-03-31,22.32967032967033,21.0,19.805192890897718,106.7921493,10.8664739,4,5778117820,40.89010989010989,tertiary
Play Cu,33,20,5,SE,0.1,64,40,1011,2021-04-14,29.486486486486488,31.0,15.413957638779541,106.7921493,10.8664739,4,5778117820,64.94594594594595,tertiary
Play Cu,30,20,4,S,31.3,82,65,1010,2021-04-22,1.25,1.0,0.5,106.6966242,10.7712056,4,4608690975,38.0,tertiary
Play Cu,22,20,15,WSW,18.8,99,100,1005,2020-08-03,19.96718651044965,20.0,11.491157496711356,106.6562138,10.7706814,4,5044255782,34.74703134895503,tertiary
Play Cu,32,20,3,SW,15.3,85,70,1008,2020-09-11,19.55,8.0,19.782848912912186,106.8248737,10.7170573,3,1612118717,85.21,secondary
Play Cu,25,18,21,ENE,0.1,80,49,1015,2020-12-01,47.707692307692305,49.0,5.962704600585722,106.600179,10.8654501,1,1409379568,51.93846153846154,trunk
Play Cu,26,14,10,NE,0.0,78,21,1015,2020-12-06,44.54545454545455,47.0,10.985113894390322,106.7778783,10.8757747,4,5762723856,56.54545454545455,tertiary
Play Cu,26,19,13,ENE,2.0,80,57,1011,2020-12-24,19.950819672131146,9.0,24.22955937014749,106.6786972,10.8050949,2,5755399611,81.66666666666667,primary
Vung Tau,27,25,15,SE,0.6,79,47,1010,2021-01-04,17.157894736842106,15.0,15.22128673893248,106.6688585,10.7414307,2,4200187547,43.73684210526316,primary
Vung Tau,25,23,17,E,0.0,78,9,1011,2021-01-15,25.104347826086958,22.0,20.714167502377503,106.7921493,10.8664739,4,5778117820,53.30434782608695,tertiary
Vung Tau,25,23,11,SE,12.6,90,69,1011,2021-01-23,8.272727272727273,1.0,8.77600033148255,106.6601997,10.7733429,4,4774007052,11.454545454545455,tertiary
Vung Tau,28,26,15,SSE,0.0,73,14,1006,2021-03-31,22.32967032967033,21.0,19.805192890897718,106.7921493,10.8664739,4,5778117820,40.89010989010989,tertiary
Vung Tau,29,27,16,SE,7.5,78,57,1010,2021-04-14,29.486486486486488,31.0,15.413957638779541,106.7921493,10.8664739,4,5778117820,64.94594594594595,tertiary
Vung Tau,30,27,13,SSW,24.6,75,72,1008,2021-04-22,1.25,1.0,0.5,106.6966242,10.7712056,4,4608690975,38.0,tertiary
Vung Tau,29,28,24,SW,25.8,79,73,1006,2020-08-03,19.96718651044965,20.0,11.491157496711356,106.6562138,10.7706814,4,5044255782,34.74703134895503,tertiary
Vung Tau,30,28,12,SW,11.5,78,50,1008,2020-09-11,19.55,8.0,19.782848912912186,106.8248737,10.7170573,3,1612118717,85.21,secondary
Vung Tau,28,25,33,ENE,0.6,79,64,1011,2020-12-01,47.707692307692305,49.0,5.962704600585722,106.600179,10.8654501,1,1409379568,51.93846153846154,trunk
Vung Tau,28,22,8,S,0.0,77,21,1011,2020-12-06,44.54545454545455,47.0,10.985113894390322,106.7778783,10.8757747,4,5762723856,56.54545454545455,tertiary
Vung Tau,28,26,29,E,0.3,81,39,1008,2020-12-24,19.950819672131146,9.0,24.22955937014749,106.6786972,10.8050949,2,5755399611,81.66666666666667,primary
Hai Duong,21,15,7,S,0.0,50,69,1020,2021-01-04,17.157894736842106,15.0,15.22128673893248,106.6688585,10.7414307,2,4200187547,43.73684210526316,primary
Hai Duong,24,14,8,ESE,0.0,73,14,1015,2021-01-15,25.104347826086958,22.0,20.714167502377503,106.7921493,10.8664739,4,5778117820,53.30434782608695,tertiary
Hai Duong,26,18,8,ESE,0.0,72,14,1014,2021-01-23,8.272727272727273,1.0,8.77600033148255,106.6601997,10.7733429,4,4774007052,11.454545454545455,tertiary
Hai Duong,29,23,17,SE,0.1,81,52,1002,2021-03-31,22.32967032967033,21.0,19.805192890897718,106.7921493,10.8664739,4,5778117820,40.89010989010989,tertiary
Hai Duong,29,23,12,SE,1.1,82,70,1011,2021-04-14,29.486486486486488,31.0,15.413957638779541,106.7921493,10.8664739,4,5778117820,64.94594594594595,tertiary
Hai Duong,30,24,13,SE,2.4,87,72,1008,2021-04-22,1.25,1.0,0.5,106.6966242,10.7712056,4,4608690975,38.0,tertiary
Hai Duong,33,26,10,SE,17.9,80,75,999,2020-08-03,19.96718651044965,20.0,11.491157496711356,106.6562138,10.7706814,4,5044255782,34.74703134895503,tertiary
Hai Duong,32,27,14,SSE,25.4,87,73,1005,2020-09-11,19.55,8.0,19.782848912912186,106.8248737,10.7170573,3,1612118717,85.21,secondary
Hai Duong,23,18,6,E,0.0,59,54,1022,2020-12-01,47.707692307692305,49.0,5.962704600585722,106.600179,10.8654501,1,1409379568,51.93846153846154,trunk
Hai Duong,24,15,7,E,0.0,61,8,1020,2020-12-06,44.54545454545455,47.0,10.985113894390322,106.7778783,10.8757747,4,5762723856,56.54545454545455,tertiary
Qui Nhon,24,18,21,NNE,19.4,92,95,1013,2021-01-04,17.157894736842106,15.0,15.22128673893248,106.6688585,10.7414307,2,4200187547,43.73684210526316,primary
Hai Duong,24,18,6,SSE,0.0,59,82,1017,2020-12-24,19.950819672131146,9.0,24.22955937014749,106.6786972,10.8050949,2,5755399611,81.66666666666667,primary
Qui Nhon,23,17,11,SSW,0.1,85,65,1013,2021-01-15,25.104347826086958,22.0,20.714167502377503,106.7921493,10.8664739,4,5778117820,53.30434782608695,tertiary
Qui Nhon,24,18,12,SSE,1.2,89,78,1012,2021-01-23,8.272727272727273,1.0,8.77600033148255,106.6601997,10.7733429,4,4774007052,11.454545454545455,tertiary
Qui Nhon,32,22,12,S,0.0,74,13,1005,2021-03-31,22.32967032967033,21.0,19.805192890897718,106.7921493,10.8664739,4,5778117820,40.89010989010989,tertiary
Qui Nhon,29,24,7,SSE,0.0,77,18,1011,2021-04-14,29.486486486486488,31.0,15.413957638779541,106.7921493,10.8664739,4,5778117820,64.94594594594595,tertiary
Qui Nhon,31,25,8,S,4.2,80,59,1008,2021-04-22,1.25,1.0,0.5,106.6966242,10.7712056,4,4608690975,38.0,tertiary
Qui Nhon,32,26,13,WSW,1.7,70,45,1005,2020-08-03,19.96718651044965,20.0,11.491157496711356,106.6562138,10.7706814,4,5044255782,34.74703134895503,tertiary
Qui Nhon,32,25,12,S,3.0,79,47,1008,2020-09-11,19.55,8.0,19.782848912912186,106.8248737,10.7170573,3,1612118717,85.21,secondary
Qui Nhon,25,22,23,NE,37.4,89,83,1014,2020-12-01,47.707692307692305,49.0,5.962704600585722,106.600179,10.8654501,1,1409379568,51.93846153846154,trunk
Qui Nhon,24,19,19,W,7.5,90,100,1014,2020-12-06,44.54545454545455,47.0,10.985113894390322,106.7778783,10.8757747,4,5762723856,56.54545454545455,tertiary
Qui Nhon,25,22,12,SSW,11.5,93,87,1011,2020-12-24,19.950819672131146,9.0,24.22955937014749,106.6786972,10.8050949,2,5755399611,81.66666666666667,primary
Yen Bai,22,15,7,SW,0.0,52,45,1021,2021-01-04,17.157894736842106,15.0,15.22128673893248,106.6688585,10.7414307,2,4200187547,43.73684210526316,primary
Yen Bai,25,14,6,SSE,0.0,63,12,1015,2021-01-15,25.104347826086958,22.0,20.714167502377503,106.7921493,10.8664739,4,5778117820,53.30434782608695,tertiary
Yen Bai,26,18,8,SE,0.0,63,35,1014,2021-01-23,8.272727272727273,1.0,8.77600033148255,106.6601997,10.7733429,4,4774007052,11.454545454545455,tertiary
Yen Bai,34,24,14,E,0.0,69,44,1000,2021-03-31,22.32967032967033,21.0,19.805192890897718,106.7921493,10.8664739,4,5778117820,40.89010989010989,tertiary
Yen Bai,30,23,12,ESE,1.0,78,73,1010,2021-04-14,29.486486486486488,31.0,15.413957638779541,106.7921493,10.8664739,4,5778117820,64.94594594594595,tertiary
Yen Bai,32,25,13,ESE,1.8,80,74,1007,2021-04-22,1.25,1.0,0.5,106.6966242,10.7712056,4,4608690975,38.0,tertiary
Yen Bai,31,26,8,E,38.7,84,68,999,2020-08-03,19.96718651044965,20.0,11.491157496711356,106.6562138,10.7706814,4,5044255782,34.74703134895503,tertiary
Yen Bai,33,26,7,SSW,20.6,86,73,1006,2020-09-11,19.55,8.0,19.782848912912186,106.8248737,10.7170573,3,1612118717,85.21,secondary
Yen Bai,23,18,6,E,0.0,52,52,1022,2020-12-01,47.707692307692305,49.0,5.962704600585722,106.600179,10.8654501,1,1409379568,51.93846153846154,trunk
Yen Bai,22,14,4,SSE,0.0,61,6,1020,2020-12-06,44.54545454545455,47.0,10.985113894390322,106.7778783,10.8757747,4,5762723856,56.54545454545455,tertiary
Yen Bai,24,16,5,S,0.0,56,44,1017,2020-12-24,19.950819672131146,9.0,24.22955937014749,106.6786972,10.8050949,2,5755399611,81.66666666666667,primary
Hai Phong,21,16,7,S,0.0,50,71,1020,2021-01-04,17.157894736842106,15.0,15.22128673893248,106.6688585,10.7414307,2,4200187547,43.73684210526316,primary
Hai Phong,23,14,8,ESE,0.0,73,12,1015,2021-01-15,25.104347826086958,22.0,20.714167502377503,106.7921493,10.8664739,4,5778117820,53.30434782608695,tertiary
Hai Phong,25,18,8,ESE,0.0,72,14,1014,2021-01-23,8.272727272727273,1.0,8.77600033148255,106.6601997,10.7733429,4,4774007052,11.454545454545455,tertiary
Hai Phong,28,24,16,ESE,0.0,80,43,1002,2021-03-31,22.32967032967033,21.0,19.805192890897718,106.7921493,10.8664739,4,5778117820,40.89010989010989,tertiary
Hai Phong,28,24,11,SE,1.1,81,65,1011,2021-04-14,29.486486486486488,31.0,15.413957638779541,106.7921493,10.8664739,4,5778117820,64.94594594594595,tertiary
Hai Phong,29,24,13,SE,2.5,87,61,1008,2021-04-22,1.25,1.0,0.5,106.6966242,10.7712056,4,4608690975,38.0,tertiary
Hai Phong,32,25,10,SE,18.0,81,67,999,2020-08-03,19.96718651044965,20.0,11.491157496711356,106.6562138,10.7706814,4,5044255782,34.74703134895503,tertiary
Hai Phong,31,27,13,SSE,24.4,87,75,1005,2020-09-11,19.55,8.0,19.782848912912186,106.8248737,10.7170573,3,1612118717,85.21,secondary
Hai Phong,23,19,6,E,0.0,57,49,1022,2020-12-01,47.707692307692305,49.0,5.962704600585722,106.600179,10.8654501,1,1409379568,51.93846153846154,trunk
Hai Phong,23,15,6,ESE,0.0,61,8,1020,2020-12-06,44.54545454545455,47.0,10.985113894390322,106.7778783,10.8757747,4,5762723856,56.54545454545455,tertiary
Hai Phong,23,17,5,SSE,0.0,58,80,1017,2020-12-24,19.950819672131146,9.0,24.22955937014749,106.6786972,10.8050949,2,5755399611,81.66666666666667,primary
Rach Gia,30,24,9,ESE,0.1,75,49,1010,2021-01-04,17.157894736842106,15.0,15.22128673893248,106.6688585,10.7414307,2,4200187547,43.73684210526316,primary
Rach Gia,27,22,8,SSE,0.0,77,16,1010,2021-01-15,25.104347826086958,22.0,20.714167502377503,106.7921493,10.8664739,4,5778117820,53.30434782608695,tertiary
Rach Gia,27,24,10,SSW,7.1,79,68,1010,2021-01-23,8.272727272727273,1.0,8.77600033148255,106.6601997,10.7733429,4,4774007052,11.454545454545455,tertiary
Rach Gia,31,27,18,SW,0.0,67,8,1005,2021-03-31,22.32967032967033,21.0,19.805192890897718,106.7921493,10.8664739,4,5778117820,40.89010989010989,tertiary
Rach Gia,30,27,13,SSW,10.5,73,61,1010,2021-04-14,29.486486486486488,31.0,15.413957638779541,106.7921493,10.8664739,4,5778117820,64.94594594594595,tertiary
Rach Gia,31,29,19,WSW,2.3,70,46,1008,2021-04-22,1.25,1.0,0.5,106.6966242,10.7712056,4,4608690975,38.0,tertiary
Rach Gia,30,26,30,SW,14.3,80,63,1006,2020-08-03,19.96718651044965,20.0,11.491157496711356,106.6562138,10.7706814,4,5044255782,34.74703134895503,tertiary
Rach Gia,30,28,14,SW,1.7,74,50,1007,2020-09-11,19.55,8.0,19.782848912912186,106.8248737,10.7170573,3,1612118717,85.21,secondary
Rach Gia,29,23,20,E,0.0,73,7,1011,2020-12-06,44.54545454545455,47.0,10.985113894390322,106.7778783,10.8757747,4,5762723856,56.54545454545455,tertiary
Rach Gia,28,24,18,NE,10.7,83,66,1011,2020-12-01,47.707692307692305,49.0,5.962704600585722,106.600179,10.8654501,1,1409379568,51.93846153846154,trunk
Rach Gia,27,21,19,ENE,16.3,86,87,1008,2020-12-24,19.950819672131146,9.0,24.22955937014749,106.6786972,10.8050949,2,5755399611,81.66666666666667,primary
Hanoi,23,15,7,ESE,0.0,49,28,1020,2021-01-04,17.157894736842106,15.0,15.22128673893248,106.6688585,10.7414307,2,4200187547,43.73684210526316,primary
Hanoi,25,15,8,ESE,0.0,66,12,1015,2021-01-15,25.104347826086958,22.0,20.714167502377503,106.7921493,10.8664739,4,5778117820,53.30434782608695,tertiary
Hanoi,26,19,10,SE,0.0,65,32,1014,2021-01-23,8.272727272727273,1.0,8.77600033148255,106.6601997,10.7733429,4,4774007052,11.454545454545455,tertiary
Hanoi,34,25,17,SE,0.0,69,40,1001,2021-03-31,22.32967032967033,21.0,19.805192890897718,106.7921493,10.8664739,4,5778117820,40.89010989010989,tertiary
Hanoi,29,24,13,SE,0.3,79,65,1011,2021-04-14,29.486486486486488,31.0,15.413957638779541,106.7921493,10.8664739,4,5778117820,64.94594594594595,tertiary
Hanoi,31,25,16,SE,0.5,81,65,1007,2021-04-22,1.25,1.0,0.5,106.6966242,10.7712056,4,4608690975,38.0,tertiary
Hanoi,33,26,9,ESE,5.4,77,66,999,2020-08-03,19.96718651044965,20.0,11.491157496711356,106.6562138,10.7706814,4,5044255782,34.74703134895503,tertiary
Hanoi,34,27,10,S,7.1,81,70,1005,2020-09-11,19.55,8.0,19.782848912912186,106.8248737,10.7170573,3,1612118717,85.21,secondary
Hanoi,22,18,8,ENE,0.0,53,56,1022,2020-12-01,47.707692307692305,49.0,5.962704600585722,106.600179,10.8654501,1,1409379568,51.93846153846154,trunk
Hanoi,23,15,4,SE,0.0,61,5,1021,2020-12-06,44.54545454545455,47.0,10.985113894390322,106.7778783,10.8757747,4,5762723856,56.54545454545455,tertiary
Hanoi,24,17,7,SSE,0.0,53,49,1017,2020-12-24,19.950819672131146,9.0,24.22955937014749,106.6786972,10.8050949,2,5755399611,81.66666666666667,primary
Soc Trang,30,21,13,E,0.4,78,56,1009,2021-01-04,17.157894736842106,15.0,15.22128673893248,106.6688585,10.7414307,2,4200187547,43.73684210526316,primary
Soc Trang,29,22,11,E,0.0,77,25,1010,2021-01-15,25.104347826086958,22.0,20.714167502377503,106.7921493,10.8664739,4,5778117820,53.30434782608695,tertiary
Soc Trang,29,23,9,ESE,16.0,81,70,1010,2021-01-23,8.272727272727273,1.0,8.77600033148255,106.6601997,10.7733429,4,4774007052,11.454545454545455,tertiary
Soc Trang,35,27,12,S,0.0,60,8,1005,2021-03-31,22.32967032967033,21.0,19.805192890897718,106.7921493,10.8664739,4,5778117820,40.89010989010989,tertiary
Soc Trang,33,27,11,SSE,0.9,66,49,1010,2021-04-14,29.486486486486488,31.0,15.413957638779541,106.7921493,10.8664739,4,5778117820,64.94594594594595,tertiary
Soc Trang,33,28,12,SW,2.3,66,50,1008,2021-04-22,1.25,1.0,0.5,106.6966242,10.7712056,4,4608690975,38.0,tertiary
Soc Trang,31,26,16,SW,7.2,80,57,1006,2020-08-03,19.96718651044965,20.0,11.491157496711356,106.6562138,10.7706814,4,5044255782,34.74703134895503,tertiary
Soc Trang,32,27,10,SW,0.9,77,40,1008,2020-09-11,19.55,8.0,19.782848912912186,106.8248737,10.7170573,3,1612118717,85.21,secondary
Soc Trang,28,23,23,ENE,4.7,83,73,1010,2020-12-01,47.707692307692305,49.0,5.962704600585722,106.600179,10.8654501,1,1409379568,51.93846153846154,trunk
Soc Trang,30,22,7,SW,0.0,78,24,1011,2020-12-06,44.54545454545455,47.0,10.985113894390322,106.7778783,10.8757747,4,5762723856,56.54545454545455,tertiary
Soc Trang,27,21,19,E,8.0,90,80,1008,2020-12-24,19.950819672131146,9.0,24.22955937014749,106.6786972,10.8050949,2,5755399611,81.66666666666667,primary
